Cod_setor,maior_parte
270430205060001,Homens
270430205060002,Homens
270430205060003,Mulheres
270430205060004,Mulheres
270430205060005,Mulheres
270430205060006,Homens
270430205060007,Homens
270430205060008,Mulheres
270430205060009,Mulheres
270430205060010,Mulheres
270430205060011,Mulheres
270430205060012,Homens
270430205060013,Mulheres
270430205060014,Homens
270430205060015,Homens
270430205060016,Homens
270430205060017,Homens
270430205060018,Homens
270430205060019,Homens
270430205060020,Mulheres
270430205060021,Homens
270430205060022,Mulheres
270430205060023,Homens
270430205060024,Homens
270430205060025,Mulheres
270430205060026,Homens
270430205060027,Mulheres
270430205060028,Mulheres
270430205060029,Homens
270430205060030,Homens
270430205060031,Homens
270430205060032,Homens
270430205060033,Homens
270430205060034,Mulheres
270430205060035,Igual
270430205060036,Mulheres
270430205060037,Igual
270430205060038,Mulheres
270430205060039,Mulheres
270430205060040,Homens
270430205060041,Mulheres
270430205060042,Homens
270430205060043,Mulheres
270430205060044,Homens
270430205060045,Mulheres
270430205060046,Homens
270430205060047,Homens
270430205060048,Mulheres
270430205060049,Mulheres
270430205060050,Mulheres
270430205060051,Mulheres
270430205060052,Mulheres
270430205060053,Homens
270430205060054,Homens
270430205060055,Homens
270430205060056,Homens
270430205060057,Mulheres
270430205060058,Mulheres
270430205060059,Mulheres
270430205060060,Homens
270430205060061,Mulheres
270430205060062,Mulheres
270430205060063,Mulheres
270430205060064,Mulheres
270430205060065,Mulheres
270430205060066,Mulheres
270430205060067,Homens
270430205060068,Homens
270430205060069,Homens
270430205060070,Homens
270430205060071,Mulheres
270430205060072,Mulheres
270430205060073,Homens
270430205060074,Mulheres
270430205060075,Homens
270430205060076,Homens
270430205060077,Homens
270430205060078,Homens
270430205060079,Homens
270430205060080,Homens
270430205060081,Homens
270430205060082,Homens
270430205060083,Homens
270430205060084,Homens
270430205060085,Mulheres
270430205060086,Homens
270430205060087,Mulheres
270430205060088,Homens
270430205060089,Homens
270430205060090,Homens
270430205060091,Mulheres
270430205060092,Homens
270430205060093,Homens
270430205060094,Homens
270430205060095,Homens
270430205060096,Homens
270430205060097,Homens
270430205060098,Mulheres
270430205060099,Homens
270430205060100,Homens
270430205060101,Homens
270430205060102,Homens
270430205060103,Mulheres
270430205060104,Igual
270430205060105,Igual
270430205060106,Homens
270430205060107,Mulheres
270430205060108,Homens
270430205060109,Mulheres
270430205060110,Homens
270430205060111,Homens
270430205060112,Homens
270430205060113,Homens
270430205060114,Homens
270430205060115,Homens
270430205060116,Homens
270430205060117,Mulheres
270430205060118,Homens
270430205060119,Homens
270430205060120,Homens
270430205060121,Mulheres
270430205060122,Homens
270430205070001,Igual
270430205070002,Homens
270430205070003,Homens
270430205070004,Igual
270430205070005,Homens
270430205070006,Mulheres
270430205070007,Mulheres
270430205070008,Homens
270430205070009,Homens
270430205070010,Homens
270430205070011,Homens
270430205070012,Homens
270430205070013,Homens
270430205070014,Homens
270430205070015,Homens
270430205070016,Mulheres
270430205070017,Mulheres
270430205070018,Mulheres
270430205070019,Homens
270430205070020,Homens
270430205070021,Homens
270430205070022,Homens
270430205070023,Igual
270430205070024,Homens
270430205070025,Homens
270430205070026,Homens
270430205070027,Homens
270430205070028,Homens
270430205070029,Mulheres
270430205070030,Homens
270430205070031,Mulheres
270430205070032,Homens
270430205070033,Mulheres
270430205070034,Mulheres
270430205070035,Mulheres
270430205070036,Homens
270430205070037,Homens
270430205070038,Homens
270430205070039,Mulheres
270430205070040,Homens
270430205070041,Homens
270430205070042,Mulheres
270430205070043,Homens
270430205070044,Homens
270430205070045,Homens
270430205070046,Homens
270430205070047,Mulheres
270430205070048,Homens
270430205070049,Homens
270430205070050,Mulheres
270430205070051,Homens
270430205070052,Homens
270430205070053,Homens
270430205070054,Mulheres
270430205070055,Mulheres
270430205070056,Mulheres
270430205070057,Homens
270430205070058,Homens
270430205070059,Homens
270430205070060,Mulheres
270430205070061,Homens
270430205070062,Mulheres
270430205070063,Mulheres
270430205070064,Homens
270430205070065,Homens
270430205070066,Homens
270430205070067,Mulheres
270430205070068,Homens
270430205070069,Homens
270430205070070,Mulheres
270430205070071,Mulheres
270430205070072,Homens
270430205070073,Mulheres
270430205070074,Mulheres
270430205070075,Mulheres
270430205070076,Mulheres
270430205070077,Homens
270430205070078,Homens
270430205070079,Mulheres
270430205070080,Homens
270430205070081,Homens
270430205070082,Homens
270430205070083,Homens
270430205070084,Mulheres
270430205070085,Homens
270430205070086,Homens
270430205070087,Homens
270430205070088,Homens
270430205070089,Homens
270430205070090,Homens
270430205070091,Homens
270430205070092,Homens
270430205070093,Mulheres
270430205070094,Homens
270430205070095,Mulheres
270430205070096,Homens
270430205070097,Homens
270430205070098,Homens
270430205070099,Mulheres
270430205070100,Homens
270430205070101,Homens
270430205070102,Homens
270430205070103,Homens
270430205070104,Homens
270430205070105,Mulheres
270430205070106,Igual
270430205070107,Homens
270430205070108,Homens
270430205070109,Homens
270430205070110,Mulheres
270430205070111,Mulheres
270430205070112,Mulheres
270430205070113,Homens
270430205070114,Homens
270430205070115,Homens
270430205070116,Homens
270430205070117,Homens
270430205070118,Homens
270430205070119,Homens
270430205080001,Mulheres
270430205080002,Homens
270430205080003,Homens
270430205080004,Homens
270430205080005,Homens
270430205080006,Homens
270430205080007,Homens
270430205080008,Mulheres
270430205080009,Homens
270430205080010,Homens
270430205080011,Mulheres
270430205080012,Homens
270430205080013,Homens
270430205080014,Homens
270430205080015,Mulheres
270430205080016,Homens
270430205080017,Homens
270430205080018,Homens
270430205080019,Mulheres
270430205080020,Homens
270430205080021,Mulheres
270430205080022,Mulheres
270430205080023,Mulheres
270430205080024,Mulheres
270430205080025,Igual
270430205080026,Homens
270430205080027,Homens
270430205080028,Homens
270430205080029,Mulheres
270430205080030,Homens
270430205080031,Homens
270430205080032,Mulheres
270430205080033,Homens
270430205080034,Homens
270430205080035,Mulheres
270430205080036,Mulheres
270430205080037,Mulheres
270430205080038,Homens
270430205080039,Igual
270430205080040,Homens
270430205080041,Homens
270430205080042,Homens
270430205080043,Mulheres
270430205080044,Mulheres
270430205080045,Mulheres
270430205080046,Homens
270430205080047,Homens
270430205080048,Mulheres
270430205080049,Mulheres
270430205080050,Homens
270430205080051,Mulheres
270430205080052,Homens
270430205080053,Mulheres
270430205080054,Homens
270430205080055,Homens
270430205080056,Homens
270430205080057,Homens
270430205080058,Homens
270430205080059,Homens
270430205080060,Mulheres
270430205080061,Homens
270430205080062,Homens
270430205080063,Homens
270430205080064,Homens
270430205080065,Homens
270430205080066,Mulheres
270430205080067,Mulheres
270430205080068,Homens
270430205080069,Homens
270430205080070,Homens
270430205080071,Homens
270430205080072,Homens
270430205080073,Homens
270430205080074,Homens
270430205080075,Mulheres
270430205080076,Homens
270430205080077,Homens
270430205080078,Homens
270430205080079,Homens
270430205080080,Homens
270430205080081,Homens
270430205080082,Mulheres
270430205080083,Homens
270430205080084,Mulheres
270430205080085,Mulheres
270430205080086,Homens
270430205080087,Mulheres
270430205080088,Mulheres
270430205080089,Mulheres
270430205080090,Mulheres
270430205080091,Igual
270430205080092,Homens
270430205080093,Homens
270430205080094,Homens
270430205080095,Homens
270430205090001,Homens
270430205090002,Mulheres
270430205090003,Homens
270430205090004,Homens
270430205090005,Homens
270430205090006,Homens
270430205090007,Homens
270430205090008,Homens
270430205090009,Homens
270430205090010,Homens
270430205090011,Homens
270430205090012,Homens
270430205090013,Mulheres
270430205090014,Homens
270430205090015,Homens
270430205090016,Homens
270430205090017,Homens
270430205090018,Homens
270430205090019,Mulheres
270430205090020,Homens
270430205090021,Homens
270430205090022,Mulheres
270430205090023,Homens
270430205090024,Homens
270430205090025,Homens
270430205090026,Homens
270430205090027,Mulheres
270430205090028,Mulheres
270430205090029,Homens
270430205090030,Homens
270430205090031,Homens
270430205090032,Homens
270430205090033,Homens
270430205090034,Homens
270430205090035,Homens
270430205090036,Homens
270430205090037,Homens
270430205090038,Homens
270430205090039,Homens
270430205090040,Homens
270430205090041,Mulheres
270430205090042,Mulheres
270430205090043,Mulheres
270430205090044,Homens
270430205090045,Homens
270430205090046,Homens
270430205090047,Homens
270430205090048,Homens
270430205090049,Igual
270430205090050,Homens
270430205090051,Homens
270430205090052,Homens
270430205090053,Mulheres
270430205090054,Homens
270430205090055,Homens
270430205090056,Homens
270430205090057,Homens
270430205090058,Homens
270430205090059,Homens
270430205090060,Homens
270430205090061,Homens
270430205090062,Homens
270430205090063,Homens
270430205090064,Mulheres
270430205090065,Homens
270430205090066,Homens
270430205090067,Homens
270430205090068,Mulheres
270430205090069,Homens
270430205090070,Mulheres
270430205090071,Homens
270430205090072,Homens
270430205090073,Mulheres
270430205090074,Homens
270430205090075,Homens
270430205090076,Mulheres
270430205090077,Homens
270430205090078,Homens
270430205090079,Mulheres
270430205090080,Mulheres
270430205090081,Homens
270430205090082,Homens
270430205090083,Homens
270430205090084,Homens
270430205090085,Homens
270430205090086,Homens
270430205090087,Homens
270430205090088,Homens
270430205090089,Mulheres
270430205090090,Mulheres
270430205090091,Homens
270430205090092,Mulheres
270430205090093,Mulheres
270430205090094,Homens
270430205090095,Homens
270430205090096,Homens
270430205090097,Homens
270430205090098,Mulheres
270430205090099,Mulheres
270430205090100,Homens
270430205090101,Homens
270430205090102,Homens
270430205090103,Homens
270430205090104,Homens
270430205090105,Homens
270430205090106,Homens
270430205090107,Homens
270430205090108,Homens
270430205090109,Mulheres
270430205090110,Homens
270430205090111,Mulheres
270430205090112,Homens
270430205090113,Mulheres
270430205090114,Homens
270430205090115,Homens
270430205090116,Mulheres
270430205090117,Mulheres
270430205090118,Homens
270430205090119,Homens
270430205090120,Homens
270430205100001,Homens
270430205100002,Homens
270430205100003,Mulheres
270430205100004,Mulheres
270430205100005,Homens
270430205100006,Homens
270430205100007,Homens
270430205100008,Homens
270430205100009,Homens
270430205100010,Mulheres
270430205100011,Homens
270430205100012,Mulheres
270430205100013,Mulheres
270430205100014,Homens
270430205100015,Homens
270430205100016,Homens
270430205100017,Homens
270430205100018,Igual
270430205100019,Homens
270430205100020,Homens
270430205100021,Mulheres
270430205100022,Mulheres
270430205100023,Mulheres
270430205100024,Mulheres
270430205100025,Mulheres
270430205100026,Mulheres
270430205100027,Homens
270430205100028,Homens
270430205100029,Mulheres
270430205100030,Homens
270430205100031,Homens
270430205100032,Homens
270430205100033,Homens
270430205100034,Homens
270430205100035,Igual
270430205100036,Homens
270430205100037,Homens
270430205100038,Homens
270430205100039,Homens
270430205100040,Homens
270430205100041,Homens
270430205100042,Homens
270430205100043,Homens
270430205100044,Homens
270430205100045,Homens
270430205100046,Homens
270430205100047,Homens
270430205100048,Homens
270430205100049,Homens
270430205100050,Homens
270430205100051,Homens
270430205100052,Homens
270430205100053,Mulheres
270430205100054,Homens
270430205100055,Mulheres
270430205100056,Homens
270430205100057,Homens
270430205100058,Homens
270430205100059,Homens
270430205100060,Homens
270430205100061,Homens
270430205100062,Homens
270430205100063,Homens
270430205100064,Homens
270430205100065,Homens
270430205100066,Homens
270430205100067,Homens
270430205100068,Homens
270430205100069,Mulheres
270430205100070,Mulheres
270430205100071,Homens
270430205100072,Homens
270430205100073,Homens
270430205100074,Homens
270430205100075,Homens
270430205100076,Homens
270430205100077,Homens
270430205100078,Homens
270430205100079,Homens
270430205100080,Mulheres
270430205100081,Homens
270430205100082,Homens
270430205100083,Homens
270430205100084,Homens
270430205100085,Homens
270430205100086,Homens
270430205100087,Homens
270430205100088,Homens
270430205100089,Homens
270430205100090,Homens
270430205100091,Homens
270430205100092,Homens
270430205100093,Homens
270430205100094,Mulheres
270430205100095,Homens
270430205100096,Homens
270430205100097,Mulheres
270430205100098,Homens
270430205100099,Homens
270430205100100,Mulheres
270430205100101,Mulheres
270430205100102,Homens
270430205100103,Homens
270430205100104,Homens
270430205100105,Homens
270430205100106,Mulheres
270430205100107,Homens
270430205100108,Mulheres
270430205100109,Homens
270430205100110,Mulheres
270430205100111,Homens
270430205100112,Mulheres
270430205100113,Mulheres
270430205100114,Mulheres
270430205100115,Mulheres
270430205100116,Homens
270430205100117,Homens
270430205100118,Homens
270430205100119,Homens
270430205100120,Homens
270430205100121,Homens
270430205100122,Mulheres
270430205100123,Homens
270430205100124,Homens
270430205100125,Homens
270430205100126,Homens
270430205100127,Mulheres
270430205100128,Mulheres
270430205100129,Homens
270430205100130,Homens
270430205100131,Homens
270430205100132,Homens
270430205100133,Homens
270430205100134,Homens
270430205100135,Homens
270430205100136,Homens
270430205100137,Homens
270430205100138,Homens
270430205100139,Homens
270430205100140,Homens
270430205100141,Homens
270430205100142,Homens
270430205100143,Homens
270430205100144,Mulheres
270430205100145,Homens
270430205100146,Homens
270430205100147,Homens
270430205100148,Mulheres
270430205100149,Homens
270430205100150,Homens
270430205100151,Homens
270430205100152,Homens
270430205100153,Mulheres
270430205100154,Homens
270430205100155,Homens
270430205100156,Mulheres
270430205100157,Homens
270430205100158,Homens
270430205100159,Homens
270430205100160,Homens
270430205100161,Homens
270430205100162,Homens
270430205100163,Homens
270430205100164,Homens
270430205100165,Homens
270430205100166,Mulheres
270430205100167,Mulheres
270430205100168,Homens
270430205100169,Homens
270430205100170,Homens
270430205100171,Mulheres
270430205100172,Homens
270430205100173,Homens
270430205100174,Homens
270430205100175,Homens
270430205100176,Mulheres
270430205100177,Mulheres
270430205100178,Homens
270430205100179,Homens
270430205100180,Homens
270430205100181,Homens
270430205100182,Homens
270430205100183,Homens
270430205100184,Homens
270430205100185,Homens
270430205100186,Homens
270430205100187,Homens
270430205100188,Homens
270430205100189,Homens
270430205100190,Homens
270430205110001,Mulheres
270430205110002,Homens
270430205110003,Mulheres
270430205110004,Homens
270430205110005,Homens
270430205110006,Homens
270430205110007,Homens
270430205110008,Homens
270430205110009,Homens
270430205110010,Homens
270430205110011,Homens
270430205110012,Homens
270430205110013,Homens
270430205110014,Homens
270430205110015,Homens
270430205110016,Homens
270430205110017,Homens
270430205110018,Homens
270430205110019,Homens
270430205110020,Homens
270430205110021,Homens
270430205110022,Homens
270430205110023,Mulheres
270430205110024,Homens
270430205110025,Homens
270430205110026,Homens
270430205110027,Homens
270430205110028,Homens
270430205110029,Homens
270430205110030,Homens
270430205110031,Homens
270430205110032,Mulheres
270430205110033,Mulheres
270430205110034,Homens
270430205110035,Homens
270430205110036,Homens
270430205110037,Mulheres
270430205110038,Igual
270430205110039,Homens
270430205110040,Mulheres
270430205110041,Homens
270430205110042,Mulheres
270430205110043,Homens
270430205110044,Homens
270430205110045,Homens
270430205110046,Homens
270430205110047,Homens
270430205110048,Homens
270430205110049,Homens
270430205110050,Homens
270430205110051,Homens
270430205110052,Homens
270430205110053,Homens
270430205110054,Homens
270430205110055,Mulheres
270430205110056,Homens
270430205110057,Homens
270430205110058,Homens
270430205110059,Homens
270430205110060,Homens
270430205110061,Homens
270430205110062,Homens
270430205110063,Mulheres
270430205110064,Homens
270430205110065,Homens
270430205110066,Mulheres
270430205110067,Homens
270430205110068,Homens
270430205110069,Homens
270430205110070,Homens
270430205110071,Mulheres
270430205110072,Mulheres
270430205110073,Homens
270430205110074,Mulheres
270430205110075,Mulheres
270430205110076,Homens
270430205110077,Mulheres
270430205110078,Homens
270430205110079,Mulheres
270430205110080,Mulheres
270430205110081,Homens
270430205110082,Mulheres
270430205110083,Homens
270430205110084,Mulheres
270430205110085,Mulheres
270430205110086,Mulheres
270430205110087,Homens
270430205110088,Homens
270430205110089,Homens
270430205110090,Mulheres
270430205110091,Homens
270430205110092,Homens
270430205110093,Homens
270430205110094,Homens
270430205110095,Homens
270430205110096,Homens
270430205110097,Igual
270430205110098,Homens
270430205110099,Homens
270430205110100,Homens
270430205110101,Homens
270430205110102,Homens
270430205110103,Mulheres
270430205110104,Homens
270430205110105,Homens
270430205110106,Homens
270430205110107,Homens
270430205110108,Mulheres
270430205110109,Igual
270430205110110,Mulheres
270430205110111,Mulheres
270430205110112,Mulheres
270430205110113,Homens
270430205110114,Homens
270430205110115,Homens
270430205110116,Mulheres
270430205120001,Homens
270430205120002,Homens
270430205120003,Mulheres
270430205120004,Homens
270430205120005,Homens
270430205120006,Homens
270430205120007,Mulheres
270430205120008,Homens
270430205120009,Homens
270430205120010,Mulheres
270430205120011,Homens
270430205120012,Homens
270430205120013,Homens
270430205120014,Homens
270430205120015,Homens
270430205120016,Homens
270430205120017,Homens
270430205120018,Mulheres
270430205120019,Homens
270430205120020,Homens
270430205120021,Homens
270430205120022,Mulheres
270430205120023,Homens
270430205120024,Homens
270430205120025,Homens
270430205120026,Homens
270430205120027,Homens
270430205120028,Homens
270430205120029,Homens
270430205120030,Mulheres
270430205120031,Homens
270430205120032,Homens
270430205120033,Homens
270430205120034,Homens
270430205120035,Homens
270430205120036,Homens
270430205120037,Homens
270430205120039,Igual
270430205120040,Igual
270430205120041,Mulheres
270430205120042,Mulheres
270430205120043,Homens
270430205120044,Homens
270430205120045,Mulheres
270430205120046,Homens
270430205120047,Homens
270430205120048,Mulheres
270430205120049,Homens
270430205120050,Homens
270430205120051,Mulheres
270430205120052,Homens
270430205120053,Homens
270430205120054,Mulheres
270430205120055,Mulheres
270430205120056,Homens
270430205120057,Homens
270430205120058,Homens
270430205120059,Homens
270430205120060,Homens
270430205120061,Homens
270430205120062,Homens
270430205120063,Homens
270430205120064,Homens
270430205120065,Homens
270430205120066,Homens
270430205120067,Homens
270430205120068,Homens
270430205120069,Homens
270430205120070,Mulheres
270430205120071,Homens
270430205120072,Mulheres
270430205120073,Homens
270430205120074,Homens
270430205120075,Homens
270430205120076,Homens
270430205120077,Homens
270430205120078,Homens
270430205120079,Homens
270430205120080,Homens
270430205120081,Homens
270430205120082,Homens
270430205120083,Homens
270430205120084,Homens
270430205120085,Homens
270430205120086,Homens
270430205120087,Homens
270430205120088,Homens
270430205120089,Homens
270430205120090,Homens
270430205120091,Homens
270430205120092,Homens
270430205120093,Homens
270430205120094,Homens
270430205120095,Homens
270430205120096,Homens
270430205120097,Mulheres
270430205120098,Homens
270430205120099,Homens
270430205120100,Mulheres
270430205120101,Homens
270430205120102,Homens
270430205120103,Homens
270430205120104,Homens
270430205120105,Homens
270430205120106,Homens
270430205120107,Mulheres
270430205120108,Homens
270430205120109,Homens
270430205120110,Homens
270430205120111,Homens
270430205120112,Mulheres
270430205120113,Homens
270430205120114,Homens
270430205120115,Homens
270430205120116,Homens
270430205120117,Homens
270430205120118,Mulheres
270430205120119,Homens
270430205120120,Mulheres
270430205120121,Mulheres
270430205120122,Homens
270430205120123,Homens
270430205120124,Homens
270430205120125,Homens
270430205120126,Homens
270430205120127,Mulheres
270430205120128,Mulheres
270430205120129,Homens
270430205120130,Homens
270430205120131,Homens
270430205120132,Homens
270430205120133,Homens
270430205120134,Homens
270430205120135,Homens
270430205120136,Homens
270430205120137,Homens
270430205120138,Mulheres
270430205120139,Homens
270430205120140,Homens
270430205120141,Igual
270430205120142,Igual
270430205120143,Homens
270430205120144,Homens
270430205120145,Homens
270430205120146,Homens
270430205120147,Homens
270430205120148,Mulheres
270430205120149,Mulheres
270430205120150,Homens
270430205120151,Homens
270430205120152,Homens
270430205120153,Homens
270430205120154,Homens
270430205120155,Homens
270430205120156,Homens
270430205120157,Homens
270430205120158,Homens
270430205120159,Homens
270430205120160,Homens
270430205120161,Homens
270430205120162,Homens
270430205120163,Homens
270430205120164,Homens
270430205120165,Homens
270430205120166,Homens
270430205120167,Homens
270430205120168,Homens
270430205120169,Homens
270430205120170,Homens
270430205120171,Homens
270430205120172,Homens
270430205120173,Mulheres
270430205120174,Homens
270430205120175,Homens
270430205120176,Homens
270430205120177,Homens
270430205120178,Mulheres
270430205120179,Homens
270430205120180,Homens
270430205120181,Homens
270430205120182,Homens
270430205120183,Mulheres
270430205120184,Homens
270430205120185,Homens
270430205120186,Homens
270430205120187,Mulheres
270430205120188,Homens
270430205120189,Homens
270430205120190,Homens
270430205120191,Mulheres
270430205120192,Mulheres
270430205120193,Homens
270430205120194,Homens
270430205120195,Homens
270430205120196,Homens
270430205120197,Homens
270430205120198,Homens
270430205120199,Mulheres
270430205120200,Homens
270430205120201,Homens
270430205120202,Homens
270430205120203,Homens
270430205120204,Homens
270430205120205,Homens
270430205120206,Homens
270430205120207,Homens
270430205120208,Homens
270430205120209,Homens
270430205120210,Homens
270430205120211,Homens
270430205120212,Mulheres
270430205120213,Homens
270430205120214,Homens
270430205120215,Homens
270430205120216,Homens
270430205120217,Mulheres
270430205120218,Homens
270430205120219,Homens
270430205120220,Homens
270430205120221,Homens
270430205120222,Homens
270430205120223,Homens
270430205120224,Homens
270430205120225,Homens
270430205120226,Homens
270430205120227,Homens
270430205120228,Homens
270430205120229,Homens
270430205120230,Homens
270430205120231,Homens
270430205120232,Homens
270430205120233,Homens
270430205120234,Homens
270430205120235,Homens
270430205120236,Homens
270430205120237,Homens
270430205120238,Mulheres
270430205120239,Homens
270430205120240,Homens
270430205120241,Homens
270430205120242,Homens
270430205120243,Homens
270430205120244,Mulheres
270430205120245,Homens
270430205120246,Homens
270430205120247,Homens
270430205120248,Homens
270430205120249,Homens
270430205120250,Homens
270430205120251,Homens
270430205120252,Homens
270430205130001,Mulheres
270430205130002,Mulheres
270430205130003,Homens
270430205130004,Mulheres
270430205130005,Mulheres
270430205130006,Homens
270430205130007,Homens
270430205130008,Mulheres
270430205130009,Homens
270430205130010,Homens
270430205130011,Homens
270430205130012,Homens
270430205130013,Homens
270430205130014,Homens
270430205130015,Homens
270430205130016,Mulheres
270430205130017,Mulheres
270430205130018,Mulheres
270430205130019,Homens
270430205130020,Homens
270430205130021,Homens
270430205130022,Igual
270430205130023,Homens
270430205130024,Mulheres
270430205130025,Homens
270430205130026,Homens
270430205130027,Mulheres
270430205130028,Homens
270430205130029,Homens
270430205130030,Homens
270430205130031,Homens
270430205130032,Homens
270430205130033,Homens
270430205130034,Homens
270430205130035,Igual
270430205130036,Mulheres
270430205130037,Homens
270430205130038,Homens
270430205130039,Mulheres
270430205130040,Mulheres
270430205130041,Homens
270430205130042,Homens
270430205130043,Homens
270430205130044,Homens
